tag,job_id,node,tokens,topk,experts,block_size,latency_us,correctness,status,accepted,mean_latency_us,speedup_vs_baseline
baseline,948013,gn1222,1,2,32,32,12.233857,PASS,baseline,yes,19.504113,1.000000
baseline,948013,gn1222,1,3,32,32,11.919770,PASS,baseline,yes,19.504113,1.000000
baseline,948013,gn1222,1,4,32,32,11.918153,PASS,baseline,yes,19.504113,1.000000
baseline,948013,gn1222,1,2,128,32,16.188017,PASS,baseline,yes,19.504113,1.000000
baseline,948013,gn1222,1,3,128,32,16.265076,PASS,baseline,yes,19.504113,1.000000
baseline,948013,gn1222,1,4,128,32,16.198227,PASS,baseline,yes,19.504113,1.000000
baseline,948013,gn1222,3,2,32,32,11.922036,PASS,baseline,yes,19.504113,1.000000
baseline,948013,gn1222,3,3,32,32,11.930408,PASS,baseline,yes,19.504113,1.000000
baseline,948013,gn1222,3,4,32,32,12.041750,PASS,baseline,yes,19.504113,1.000000
baseline,948013,gn1222,3,2,128,32,16.237841,PASS,baseline,yes,19.504113,1.000000
baseline,948013,gn1222,3,3,128,32,16.249554,PASS,baseline,yes,19.504113,1.000000
baseline,948013,gn1222,3,4,128,32,16.230148,PASS,baseline,yes,19.504113,1.000000
baseline,948013,gn1222,256,2,32,32,13.550758,PASS,baseline,yes,19.504113,1.000000
baseline,948013,gn1222,256,3,32,32,14.464845,PASS,baseline,yes,19.504113,1.000000
baseline,948013,gn1222,256,4,32,32,16.701511,PASS,baseline,yes,19.504113,1.000000
baseline,948013,gn1222,256,2,128,32,16.471741,PASS,baseline,yes,19.504113,1.000000
baseline,948013,gn1222,256,3,128,32,16.553774,PASS,baseline,yes,19.504113,1.000000
baseline,948013,gn1222,256,4,128,32,16.499422,PASS,baseline,yes,19.504113,1.000000
baseline,948013,gn1222,4096,2,32,32,21.035830,PASS,baseline,yes,19.504113,1.000000
baseline,948013,gn1222,4096,3,32,32,23.542009,PASS,baseline,yes,19.504113,1.000000
baseline,948013,gn1222,4096,4,32,32,25.809927,PASS,baseline,yes,19.504113,1.000000
baseline,948013,gn1222,4096,2,128,32,20.557356,PASS,baseline,yes,19.504113,1.000000
baseline,948013,gn1222,4096,3,128,32,22.990267,PASS,baseline,yes,19.504113,1.000000
baseline,948013,gn1222,4096,4,128,32,25.100201,PASS,baseline,yes,19.504113,1.000000
baseline,948013,gn1222,8192,2,32,32,26.002132,PASS,baseline,yes,19.504113,1.000000
baseline,948013,gn1222,8192,3,32,32,31.030277,PASS,baseline,yes,19.504113,1.000000
baseline,948013,gn1222,8192,4,32,32,36.177139,PASS,baseline,yes,19.504113,1.000000
baseline,948013,gn1222,8192,2,128,32,25.007883,PASS,baseline,yes,19.504113,1.000000
baseline,948013,gn1222,8192,3,128,32,29.648033,PASS,baseline,yes,19.504113,1.000000
baseline,948013,gn1222,8192,4,128,32,34.645435,PASS,baseline,yes,19.504113,1.000000
opt1,948014,gn1222,1,2,32,32,12.132113,PASS,accepted,yes,16.899124,1.008386
opt1,948014,gn1222,1,3,32,32,11.833865,PASS,accepted,yes,16.899124,1.007259
opt1,948014,gn1222,1,4,32,32,11.831211,PASS,accepted,yes,16.899124,1.007349
opt1,948014,gn1222,1,2,128,32,12.699002,PASS,accepted,yes,16.899124,1.274747
opt1,948014,gn1222,1,3,128,32,12.710266,PASS,accepted,yes,16.899124,1.279680
opt1,948014,gn1222,1,4,128,32,12.727370,PASS,accepted,yes,16.899124,1.272708
opt1,948014,gn1222,3,2,32,32,11.832788,PASS,accepted,yes,16.899124,1.007542
opt1,948014,gn1222,3,3,32,32,11.831245,PASS,accepted,yes,16.899124,1.008381
opt1,948014,gn1222,3,4,32,32,11.983381,PASS,accepted,yes,16.899124,1.004871
opt1,948014,gn1222,3,2,128,32,12.715375,PASS,accepted,yes,16.899124,1.277024
opt1,948014,gn1222,3,3,128,32,12.722303,PASS,accepted,yes,16.899124,1.277249
opt1,948014,gn1222,3,4,128,32,12.710102,PASS,accepted,yes,16.899124,1.276949
opt1,948014,gn1222,256,2,32,32,13.531648,PASS,accepted,yes,16.899124,1.001412
opt1,948014,gn1222,256,3,32,32,14.419940,PASS,accepted,yes,16.899124,1.003114
opt1,948014,gn1222,256,4,32,32,13.117151,PASS,accepted,yes,16.899124,1.273258
opt1,948014,gn1222,256,2,128,32,13.057592,PASS,accepted,yes,16.899124,1.261469
opt1,948014,gn1222,256,3,128,32,13.093343,PASS,accepted,yes,16.899124,1.264289
opt1,948014,gn1222,256,4,128,32,13.091251,PASS,accepted,yes,16.899124,1.260340
opt1,948014,gn1222,4096,2,32,32,17.557606,PASS,accepted,yes,16.899124,1.198104
opt1,948014,gn1222,4096,3,32,32,20.046938,PASS,accepted,yes,16.899124,1.174344
opt1,948014,gn1222,4096,4,32,32,22.407234,PASS,accepted,yes,16.899124,1.151857
opt1,948014,gn1222,4096,2,128,32,16.967539,PASS,accepted,yes,16.899124,1.211570
opt1,948014,gn1222,4096,3,128,32,19.435101,PASS,accepted,yes,16.899124,1.182925
opt1,948014,gn1222,4096,4,128,32,21.477438,PASS,accepted,yes,16.899124,1.168678
opt1,948014,gn1222,8192,2,32,32,22.493002,PASS,accepted,yes,16.899124,1.156010
opt1,948014,gn1222,8192,3,32,32,27.271412,PASS,accepted,yes,16.899124,1.137832
opt1,948014,gn1222,8192,4,32,32,32.644665,PASS,accepted,yes,16.899124,1.108210
opt1,948014,gn1222,8192,2,128,32,21.558565,PASS,accepted,yes,16.899124,1.159998
opt1,948014,gn1222,8192,3,128,32,26.047880,PASS,accepted,yes,16.899124,1.138213
opt1,948014,gn1222,8192,4,128,32,31.026382,PASS,accepted,yes,16.899124,1.116644
opt2,948015,gn1222,1,2,32,32,12.345174,PASS,rejected,no,22.465978,0.990983
opt2,948015,gn1222,1,3,32,32,12.036405,PASS,rejected,no,22.465978,0.990310
opt2,948015,gn1222,1,4,32,32,12.025952,PASS,rejected,no,22.465978,0.991036
opt2,948015,gn1222,1,2,128,32,30.253679,PASS,rejected,no,22.465978,0.535076
opt2,948015,gn1222,1,3,128,32,30.252295,PASS,rejected,no,22.465978,0.537648
opt2,948015,gn1222,1,4,128,32,30.244940,PASS,rejected,no,22.465978,0.535568
opt2,948015,gn1222,3,2,32,32,12.039462,PASS,rejected,no,22.465978,0.990247
opt2,948015,gn1222,3,3,32,32,12.034630,PASS,rejected,no,22.465978,0.991340
opt2,948015,gn1222,3,4,32,32,12.117935,PASS,rejected,no,22.465978,0.993713
opt2,948015,gn1222,3,2,128,32,30.309835,PASS,rejected,no,22.465978,0.535728
opt2,948015,gn1222,3,3,128,32,30.307434,PASS,rejected,no,22.465978,0.536157
opt2,948015,gn1222,3,4,128,32,30.298018,PASS,rejected,no,22.465978,0.535683
opt2,948015,gn1222,256,2,32,32,13.663037,PASS,rejected,no,22.465978,0.991782
opt2,948015,gn1222,256,3,32,32,14.552578,PASS,rejected,no,22.465978,0.993971
opt2,948015,gn1222,256,4,32,32,15.606005,PASS,rejected,no,22.465978,1.070198
opt2,948015,gn1222,256,2,128,32,31.391302,PASS,rejected,no,22.465978,0.524723
opt2,948015,gn1222,256,3,128,32,31.826269,PASS,rejected,no,22.465978,0.520129
opt2,948015,gn1222,256,4,128,32,32.264980,PASS,rejected,no,22.465978,0.511372
opt2,948015,gn1222,4096,2,32,32,17.589102,PASS,rejected,no,22.465978,1.195958
opt2,948015,gn1222,4096,3,32,32,20.118237,PASS,rejected,no,22.465978,1.170183
opt2,948015,gn1222,4096,4,32,32,22.428488,PASS,rejected,no,22.465978,1.150765
opt2,948015,gn1222,4096,2,128,32,17.130564,PASS,rejected,no,22.465978,1.200040
opt2,948015,gn1222,4096,3,128,32,19.598230,PASS,rejected,no,22.465978,1.173079
opt2,948015,gn1222,4096,4,128,32,21.672260,PASS,rejected,no,22.465978,1.158172
opt2,948015,gn1222,8192,2,32,32,22.585119,PASS,rejected,no,22.465978,1.151295
opt2,948015,gn1222,8192,3,32,32,27.402542,PASS,rejected,no,22.465978,1.132387
opt2,948015,gn1222,8192,4,32,32,32.906334,PASS,rejected,no,22.465978,1.099397
opt2,948015,gn1222,8192,2,128,32,21.620945,PASS,rejected,no,22.465978,1.156651
opt2,948015,gn1222,8192,3,128,32,26.142807,PASS,rejected,no,22.465978,1.134080
opt2,948015,gn1222,8192,4,128,32,31.214781,PASS,rejected,no,22.465978,1.109905
opt3,948016,gn1222,1,2,32,32,12.242524,PASS,rejected,no,16.992179,0.999292
opt3,948016,gn1222,1,3,32,32,11.880279,PASS,rejected,no,16.992179,1.003324
opt3,948016,gn1222,1,4,32,32,11.883646,PASS,rejected,no,16.992179,1.002904
opt3,948016,gn1222,1,2,128,32,12.779214,PASS,rejected,no,16.992179,1.266746
opt3,948016,gn1222,1,3,128,32,12.808438,PASS,rejected,no,16.992179,1.269872
opt3,948016,gn1222,1,4,128,32,12.831506,PASS,rejected,no,16.992179,1.262379
opt3,948016,gn1222,3,2,32,32,11.886839,PASS,rejected,no,16.992179,1.002961
opt3,948016,gn1222,3,3,32,32,11.888192,PASS,rejected,no,16.992179,1.003551
opt3,948016,gn1222,3,4,32,32,12.010620,PASS,rejected,no,16.992179,1.002592
opt3,948016,gn1222,3,2,128,32,12.807134,PASS,rejected,no,16.992179,1.267875
opt3,948016,gn1222,3,3,128,32,12.805938,PASS,rejected,no,16.992179,1.268908
opt3,948016,gn1222,3,4,128,32,12.789325,PASS,rejected,no,16.992179,1.269039
opt3,948016,gn1222,256,2,32,32,13.588829,PASS,rejected,no,16.992179,0.997198
opt3,948016,gn1222,256,3,32,32,14.457827,PASS,rejected,no,16.992179,1.000485
opt3,948016,gn1222,256,4,32,32,13.184623,PASS,rejected,no,16.992179,1.266742
opt3,948016,gn1222,256,2,128,32,13.148237,PASS,rejected,no,16.992179,1.252772
opt3,948016,gn1222,256,3,128,32,13.192059,PASS,rejected,no,16.992179,1.254829
opt3,948016,gn1222,256,4,128,32,13.181723,PASS,rejected,no,16.992179,1.251689
opt3,948016,gn1222,4096,2,32,32,17.577511,PASS,rejected,no,16.992179,1.196747
opt3,948016,gn1222,4096,3,32,32,20.139944,PASS,rejected,no,16.992179,1.168921
opt3,948016,gn1222,4096,4,32,32,22.508375,PASS,rejected,no,16.992179,1.146681
opt3,948016,gn1222,4096,2,128,32,17.043119,PASS,rejected,no,16.992179,1.206197
opt3,948016,gn1222,4096,3,128,32,19.531384,PASS,rejected,no,16.992179,1.177094
opt3,948016,gn1222,4096,4,128,32,21.673277,PASS,rejected,no,16.992179,1.158117
opt3,948016,gn1222,8192,2,32,32,22.677170,PASS,rejected,no,16.992179,1.146622
opt3,948016,gn1222,8192,3,32,32,27.440323,PASS,rejected,no,16.992179,1.130828
opt3,948016,gn1222,8192,4,32,32,32.751434,PASS,rejected,no,16.992179,1.104597
opt3,948016,gn1222,8192,2,128,32,21.654947,PASS,rejected,no,16.992179,1.154835
opt3,948016,gn1222,8192,3,128,32,26.217337,PASS,rejected,no,16.992179,1.130856
opt3,948016,gn1222,8192,4,128,32,31.183598,PASS,rejected,no,16.992179,1.111015
opt4,948019,gn1222,1,2,32,32,12.249115,PASS,accepted,yes,15.939143,0.998754
opt4,948019,gn1222,1,3,32,32,11.888435,PASS,accepted,yes,15.939143,1.002636
opt4,948019,gn1222,1,4,32,32,11.888963,PASS,accepted,yes,15.939143,1.002455
opt4,948019,gn1222,1,2,128,32,11.370656,PASS,accepted,yes,15.939143,1.423666
opt4,948019,gn1222,1,3,128,32,11.376886,PASS,accepted,yes,15.939143,1.429660
opt4,948019,gn1222,1,4,128,32,11.376945,PASS,accepted,yes,15.939143,1.423777
opt4,948019,gn1222,3,2,32,32,11.884889,PASS,accepted,yes,15.939143,1.003126
opt4,948019,gn1222,3,3,32,32,11.889414,PASS,accepted,yes,15.939143,1.003448
opt4,948019,gn1222,3,4,32,32,12.023629,PASS,accepted,yes,15.939143,1.001507
opt4,948019,gn1222,3,2,128,32,11.378089,PASS,accepted,yes,15.939143,1.427115
opt4,948019,gn1222,3,3,128,32,11.379622,PASS,accepted,yes,15.939143,1.427952
opt4,948019,gn1222,3,4,128,32,11.378086,PASS,accepted,yes,15.939143,1.426439
opt4,948019,gn1222,256,2,32,32,13.541055,PASS,accepted,yes,15.939143,1.000717
opt4,948019,gn1222,256,3,32,32,14.455172,PASS,accepted,yes,15.939143,1.000669
opt4,948019,gn1222,256,4,32,32,11.773655,PASS,accepted,yes,15.939143,1.418549
opt4,948019,gn1222,256,2,128,32,11.710860,PASS,accepted,yes,15.939143,1.406536
opt4,948019,gn1222,256,3,128,32,11.731699,PASS,accepted,yes,15.939143,1.411030
opt4,948019,gn1222,256,4,128,32,11.779765,PASS,accepted,yes,15.939143,1.400658
opt4,948019,gn1222,4096,2,32,32,16.185081,PASS,accepted,yes,15.939143,1.299705
opt4,948019,gn1222,4096,3,32,32,18.749769,PASS,accepted,yes,15.939143,1.255589
opt4,948019,gn1222,4096,4,32,32,21.083580,PASS,accepted,yes,15.939143,1.224172
opt4,948019,gn1222,4096,2,128,32,15.643660,PASS,accepted,yes,15.939143,1.314101
opt4,948019,gn1222,4096,3,128,32,18.098234,PASS,accepted,yes,15.939143,1.270304
opt4,948019,gn1222,4096,4,128,32,20.157492,PASS,accepted,yes,15.939143,1.245205
opt4,948019,gn1222,8192,2,32,32,21.213209,PASS,accepted,yes,15.939143,1.225752
opt4,948019,gn1222,8192,3,32,32,25.991297,PASS,accepted,yes,15.939143,1.193872
opt4,948019,gn1222,8192,4,32,32,31.311977,PASS,accepted,yes,15.939143,1.155377
opt4,948019,gn1222,8192,2,128,32,20.214186,PASS,accepted,yes,15.939143,1.237145
opt4,948019,gn1222,8192,3,128,32,24.741076,PASS,accepted,yes,15.939143,1.198332
opt4,948019,gn1222,8192,4,128,32,29.707783,PASS,accepted,yes,15.939143,1.166207
